{"stats":{"minecraft:used":{"minecraft:grass_block":3},"minecraft:picked_up":{"minecraft:chicken":1,"minecraft:grass_block":1,"minecraft:mutton":1,"minecraft:white_wool":1},"minecraft:dropped":{"minecraft:oak_door":1,"minecraft:mutton":1,"minecraft:white_wool":1,"minecraft:grass_block":2},"minecraft:killed":{"minecraft:sheep":1},"minecraft:custom":{"minecraft:time_since_rest":542,"minecraft:crouch_one_cm":3326,"minecraft:sprint_one_cm":53605,"minecraft:play_time":18346,"minecraft:deaths":1,"minecraft:damage_taken":454,"minecraft:walk_one_cm":25053,"minecraft:sneak_time":931,"minecraft:walk_under_water_one_cm":60,"minecraft:mob_kills":1,"minecraft:drop":5,"minecraft:jump":481,"minecraft:damage_dealt":618,"minecraft:leave_game":3,"minecraft:time_since_death":520,"minecraft:walk_on_water_one_cm":1187,"minecraft:total_world_time":18346,"minecraft:swim_one_cm":965,"minecraft:fall_one_cm":7240,"minecraft:fly_one_cm":193769,"minecraft:player_kills":1}},"DataVersion":3465}