{"stats":{"minecraft:picked_up":{"minecraft:rotten_flesh":1},"minecraft:dropped":{"minecraft:rotten_flesh":1},"minecraft:custom":{"minecraft:jump":5,"minecraft:time_since_rest":891,"minecraft:leave_game":1,"minecraft:damage_dealt":46,"minecraft:crouch_one_cm":40,"minecraft:deaths":1,"minecraft:sprint_one_cm":1062,"minecraft:play_time":3354,"minecraft:damage_taken":258,"minecraft:time_since_death":0,"minecraft:walk_one_cm":1772,"minecraft:sneak_time":9,"minecraft:total_world_time":3354,"minecraft:drop":1,"minecraft:fly_one_cm":1521},"minecraft:killed_by":{"minecraft:zombie":1}},"DataVersion":3465}