{"stats":{"minecraft:used":{"minecraft:netherite_sword":14},"minecraft:picked_up":{"minecraft:feather":1,"minecraft:chicken":1,"minecraft:rotten_flesh":1,"minecraft:porkchop":1},"minecraft:dropped":{"minecraft:feather":1,"minecraft:chicken":1,"minecraft:rotten_flesh":1},"minecraft:killed":{"minecraft:zombie":4,"minecraft:pig":1,"minecraft:chicken":1},"minecraft:custom":{"minecraft:time_since_rest":542,"minecraft:crouch_one_cm":2731,"minecraft:sprint_one_cm":15512,"minecraft:play_time":16427,"minecraft:deaths":3,"minecraft:damage_taken":496,"minecraft:walk_one_cm":19352,"minecraft:sneak_time":1347,"minecraft:walk_under_water_one_cm":775,"minecraft:mob_kills":6,"minecraft:drop":3,"minecraft:jump":190,"minecraft:damage_dealt":1021,"minecraft:leave_game":6,"minecraft:walk_on_water_one_cm":1988,"minecraft:time_since_death":511,"minecraft:total_world_time":16427,"minecraft:swim_one_cm":5873,"minecraft:fall_one_cm":3918,"minecraft:fly_one_cm":256297},"minecraft:mined":{"minecraft:dirt":1},"minecraft:killed_by":{"minecraft:player":1}},"DataVersion":3465}